Valid,sys_RespNum,sys_StartTime,sys_EndTime,sys_ElapsedTime,sys_SumPageTimes,sys_StartTimeStamp,sys_EndTimeStamp,sys_DataSource,sys_RespStatus,sys_DispositionCode,sys_LastQuestion,sys_UserJavaScript,sys_UserAgent,sys_OperatingSystem,sys_Browser,sys_IPAddress,sys_ScreenWidth,sys_CAPIDeviceID,pid,solar,InstallerCBC_Random1,InstallerCBC_Random2,InstallerCBC_Random3,InstallerCBC_Random4,InstallerCBC_Random5,InstallerCBC_Random6,InstallerCBC_Random7,InstallerCBC_Fixed1,InstallerCBC_Random8,InstallerCBC_Random9,InstallerCBC_Random10,InstallerCBC_Random11,InstallerCBC_Random12,InstallerCBC_Random13,InstallerCBC_Random14,InstallerCBC_Random15,sys_CBCVersion_InstallerCBC,sys_CBCDesignID_InstallerCBC,sys_pagetime_1,sys_pagetime_2,sys_pagetime_3,sys_pagetime_4,sys_pagetime_5,sys_pagetime_6,sys_pagetime_7,sys_pagetime_8,sys_pagetime_9,sys_pagetime_10,sys_pagetime_11,sys_pagetime_12,sys_pagetime_13,sys_pagetime_14,sys_pagetime_15,sys_pagetime_16,sys_pagetime_17
1,55,22 Nov 2016 - 17:05:15 EST,22 Nov 2016 - 17:08:58 EST,0h 3m 43s,0h 3m 40s,1479852315,1479852538,1,5,,ToQualtrics,1,"Mozilla/5.0 (Windows NT 10.0; Win64; x64) AppleWebKit/537.36 (KHTML, like Gecko) Chrome/51.0.2704.79 Safari/537.36 Edge/14.14393",Windows 10.0,Edge 14.14393,99.64.172.8,1600,,R_0Il0wTWoqYoqIox,No,3,2,4,4,4,4,2,3,4,4,4,2,4,4,4,4,55,CBC1_1474925155_6,,54,24,13,11,29,7,12,9,6,7,6,13,6,6,9,8
1,39,22 Nov 2016 - 16:34:15 EST,22 Nov 2016 - 16:39:22 EST,0h 5m 7s,0h 5m 6s,1479850455,1479850762,1,5,,ToQualtrics,1,Mozilla/5.0 (Windows NT 5.1; rv:50.0) Gecko/20100101 Firefox/50.0,Windows XP,Firefox 50.0,68.189.32.91,1024,,R_12DM9cYRbERl70d,No,2,4,3,1,1,4,1,3,1,3,3,1,4,4,2,2,39,CBC1_1474925155_6,,31,27,31,16,16,17,25,18,17,12,17,15,23,8,18,15
1,79,22 Nov 2016 - 17:41:27 EST,22 Nov 2016 - 17:43:32 EST,0h 2m 5s,0h 2m 4s,1479854487,1479854612,1,5,,ToQualtrics,1,"Mozilla/5.0 (Windows NT 10.0; WOW64) AppleWebKit/537.36 (KHTML, like Gecko) Chrome/54.0.2840.99 Safari/537.36",Windows 10.0,Chrome 54.0.2840.99,72.47.20.25,1366,,R_1BVo5gqwQe36lox,Yes,1,3,3,2,3,1,2,3,1,1,1,3,4,3,1,3,79,CBC1_1474925155_6,,12,9,8,5,6,7,7,10,6,5,5,11,8,8,7,10
1,129,22 Nov 2016 - 19:13:17 EST,22 Nov 2016 - 19:25:10 EST,0h 11m 53s,0h 11m 53s,1479859997,1479860710,1,5,,ToQualtrics,1,"Mozilla/5.0 (Windows NT 10.0; Win64; x64) AppleWebKit/537.36 (KHTML, like Gecko) Chrome/51.0.2704.79 Safari/537.36 Edge/14.14393",Windows 10.0,Edge 14.14393,45.48.59.37,1680,,R_1Cp55fmGoi0OoOj,No,4,4,4,1,4,4,4,3,4,4,4,4,4,4,4,4,129,CBC1_1474925155_6,,273,60,12,35,23,11,20,18,8,24,5,7,177,6,24,10
1,24,22 Nov 2016 - 16:04:01 EST,22 Nov 2016 - 16:07:44 EST,0h 3m 43s,0h 3m 43s,1479848641,1479848864,1,5,,ToQualtrics,1,Mozilla/5.0 (Windows NT 10.0; WOW64; rv:50.0) Gecko/20100101 Firefox/50.0,Windows 10.0,Firefox 50.0,130.65.109.111,1366,,R_1excQwWLW5FCDaV,No,1,2,4,3,4,2,4,3,1,4,1,4,1,3,3,4,24,CBC1_1474925155_6,,26,17,29,23,18,9,7,12,11,9,9,8,13,11,12,9
1,41,22 Nov 2016 - 16:39:24 EST,22 Nov 2016 - 16:46:07 EST,0h 6m 43s,0h 6m 43s,1479850764,1479851167,1,5,,ToQualtrics,1,Mozilla/5.0 (Windows NT 10.0; WOW64; rv:50.0) Gecko/20100101 Firefox/50.0,Windows 10.0,Firefox 50.0,97.84.107.234,1344,,R_1fa1mEj3LFfy9Tv,No,4,1,4,4,1,3,4,3,4,4,3,4,4,4,4,4,41,CBC1_1474925155_6,,65,46,27,48,13,33,22,19,12,20,13,13,18,21,16,17
1,67,22 Nov 2016 - 17:15:25 EST,22 Nov 2016 - 17:19:02 EST,0h 3m 37s,0h 3m 36s,1479852925,1479853142,1,5,,ToQualtrics,1,"Mozilla/5.0 (iPad; CPU OS 9_3_5 like Mac OS X) AppleWebKit/601.1.46 (KHTML, like Gecko) Version/9.0 Mobile/13G36 Safari/601.1",iOS 9.3.5,Safari 9.0,71.93.240.27,768,,R_1gNGin72iadR9X2,No,3,1,2,2,3,2,3,3,1,4,2,4,3,4,4,3,67,CBC1_1474925155_6,,23,22,7,10,10,12,13,11,12,13,14,30,10,13,8,8
1,108,22 Nov 2016 - 18:45:22 EST,22 Nov 2016 - 18:52:39 EST,0h 7m 17s,0h 8m 6s,1479858322,1479858759,1,5,,ToQualtrics,1,"Mozilla/5.0 (iPad; CPU OS 10_0_2 like Mac OS X) AppleWebKit/602.1.50 (KHTML, like Gecko) Version/10.0 Mobile/14A456 Safari/602.1",,Safari 602.1,72.74.207.175,1024,,R_1GOoMLxg1hICmpk,No,1,2,2,4,3,1,3,3,4,3,4,3,2,4,1,3,108,CBC1_1474925155_6,,48,23,21,20,80,39,28,26,13,34,25,21,20,23,17,23
1,46,22 Nov 2016 - 16:50:08 EST,22 Nov 2016 - 16:52:44 EST,0h 2m 36s,0h 2m 32s,1479851408,1479851564,1,5,,ToQualtrics,1,"Mozilla/5.0 (iPad; CPU OS 8_1_2 like Mac OS X) AppleWebKit/600.1.4 (KHTML, like Gecko) Version/8.0 Mobile/12B440 Safari/600.1.4",iOS 8.1.2,Safari 8.0,108.7.222.14,768,,R_1gRNfqN6snnfXGj,No,3,1,3,3,3,1,3,3,3,2,3,3,2,1,1,3,46,CBC1_1474925155_6,,9,6,7,4,11,31,6,4,4,8,6,7,12,8,23,6
1,143,22 Nov 2016 - 19:34:57 EST,22 Nov 2016 - 19:43:58 EST,0h 9m 1s,0h 8m 58s,1479861297,1479861838,1,5,,ToQualtrics,1,"Mozilla/5.0 (Windows NT 10.0; Win64; x64) AppleWebKit/537.36 (KHTML, like Gecko) Chrome/54.0.2840.99 Safari/537.36",Windows 10.0,Chrome 54.0.2840.99,75.134.12.149,1360,,R_1gvgBsVFhMuzCCN,No,2,1,2,1,2,3,1,3,2,2,2,3,3,2,1,3,143,CBC1_1474925155_6,,73,40,32,33,31,45,36,25,28,49,20,20,30,22,27,27
1,51,22 Nov 2016 - 16:55:31 EST,22 Nov 2016 - 17:08:25 EST,0h 12m 54s,0h 12m 54s,1479851731,1479852505,1,5,,ToQualtrics,1,Mozilla/5.0 (Windows NT 10.0; rv:49.0) Gecko/20100101 Firefox/49.0,Windows 10.0,Firefox 49.0,47.142.175.141,1536,,R_1HuFE2hFIAw0RYF,No,1,2,3,3,2,4,3,3,4,3,4,4,3,3,4,4,51,CBC1_1474925155_6,,99,45,42,34,45,20,90,61,57,26,58,34,79,48,14,22
1,85,22 Nov 2016 - 17:50:47 EST,22 Nov 2016 - 17:55:02 EST,0h 4m 15s,0h 4m 15s,1479855047,1479855302,1,5,,ToQualtrics,1,"Mozilla/5.0 (Windows NT 6.1) AppleWebKit/537.36 (KHTML, like Gecko) Chrome/54.0.2840.99 Safari/537.36",Windows 7,Chrome 54.0.2840.99,47.154.168.39,1280,,R_1jANTm6yTtMmOiy,No,1,2,1,2,1,3,3,3,2,3,3,1,1,2,1,3,85,CBC1_1474925155_6,,59,19,14,20,9,11,11,20,12,12,11,8,11,10,20,8
1,29,22 Nov 2016 - 16:24:00 EST,22 Nov 2016 - 16:27:30 EST,0h 3m 30s,0h 3m 29s,1479849840,1479850050,1,5,,ToQualtrics,1,Mozilla/5.0 (Windows NT 6.1; rv:50.0) Gecko/20100101 Firefox/50.0,Windows 7,Firefox 50.0,162.236.134.176,1130,,R_1JPYEnDoCXp9Sbv,No,3,4,4,1,2,4,4,3,4,1,3,3,4,4,2,3,29,CBC1_1474925155_6,,38,13,24,13,18,15,7,8,7,8,10,10,9,7,9,13
1,50,22 Nov 2016 - 16:53:24 EST,22 Nov 2016 - 16:56:54 EST,0h 3m 30s,0h 3m 29s,1479851604,1479851814,1,5,,ToQualtrics,1,"Mozilla/5.0 (Windows NT 10.0; WOW64) AppleWebKit/537.36 (KHTML, like Gecko) Chrome/54.0.2840.71 Safari/537.36",Windows 10.0,Chrome 54.0.2840.71,107.204.218.82,1263,,R_1Lha0flgAUtKif1,No,1,1,3,2,4,1,1,3,1,4,3,2,1,1,1,2,50,CBC1_1474925155_6,,21,25,6,7,21,29,13,7,9,8,15,6,11,10,11,10
1,72,22 Nov 2016 - 17:25:52 EST,22 Nov 2016 - 17:38:40 EST,0h 12m 48s,0h 12m 47s,1479853552,1479854320,1,5,,ToQualtrics,1,"Mozilla/5.0 (Linux; Android 4.4.2; SM-T217S Build/KOT49H) AppleWebKit/537.36 (KHTML, like Gecko) Chrome/50.0.2661.89 Safari/537.36",Android 4.4.2,Chrome 50.0.2661.89,73.170.60.229,600,,R_1mDy8tgdIe7CEd9,No,2,1,1,1,1,4,1,3,2,1,4,2,4,3,3,3,72,CBC1_1474925155_6,,177,49,44,64,71,57,54,14,58,48,14,13,15,31,17,41
1,148,22 Nov 2016 - 19:41:56 EST,22 Nov 2016 - 19:46:04 EST,0h 4m 8s,0h 4m 6s,1479861716,1479861964,1,5,,ToQualtrics,1,"Mozilla/5.0 (Windows NT 6.1; WOW64) AppleWebKit/537.36 (KHTML, like Gecko) Chrome/54.0.2840.99 Safari/537.36",Windows 7,Chrome 54.0.2840.99,162.224.158.27,1024,,R_1o290F53uvNACJV,No,1,3,2,1,3,2,3,3,1,2,3,1,1,3,2,2,148,CBC1_1474925155_6,,24,14,15,12,14,8,6,13,9,23,14,47,15,12,9,11
1,80,22 Nov 2016 - 17:42:39 EST,22 Nov 2016 - 17:48:47 EST,0h 6m 8s,0h 6m 8s,1479854559,1479854927,1,5,,ToQualtrics,1,Mozilla/5.0 (Windows NT 10.0; Win64; x64; rv:50.0) Gecko/20100101 Firefox/50.0,Windows 10.0,Firefox 50.0,38.95.109.58,1440,,R_1o58b2hAeYM8E6c,No,1,3,2,3,3,3,2,3,1,3,2,1,1,2,3,2,80,CBC1_1474925155_6,,112,8,82,12,27,12,17,24,13,7,8,11,8,8,11,8
1,83,22 Nov 2016 - 17:47:27 EST,22 Nov 2016 - 17:50:27 EST,0h 3m 0s,0h 2m 56s,1479854847,1479855027,1,5,,ToQualtrics,1,"Mozilla/5.0 (Windows NT 10.0; WOW64) AppleWebKit/537.36 (KHTML, like Gecko) Chrome/54.0.2840.99 Safari/537.36",Windows 10.0,Chrome 54.0.2840.99,50.189.235.191,1440,,R_1pVCT2f3rfjDRiT,Yes,1,2,4,2,3,4,3,3,4,1,1,3,4,3,3,3,83,CBC1_1474925155_6,,20,17,16,17,14,12,10,8,7,10,8,9,8,6,9,5
1,31,22 Nov 2016 - 16:26:17 EST,22 Nov 2016 - 16:28:47 EST,0h 2m 30s,0h 2m 28s,1479849977,1479850127,1,5,,ToQualtrics,1,"Mozilla/5.0 (Macintosh; Intel Mac OS X 10_10_5) AppleWebKit/537.36 (KHTML, like Gecko) Chrome/54.0.2840.98 Safari/537.36",Mac OS X 10.10.5,Chrome 54.0.2840.98,108.243.189.148,1280,,R_1pVYWpWu940qOBO,No,2,1,1,2,2,2,1,3,2,2,2,2,3,3,3,3,31,CBC1_1474925155_6,,24,11,11,9,6,9,9,9,5,10,6,4,4,10,16,5
1,71,22 Nov 2016 - 17:19:48 EST,22 Nov 2016 - 17:23:14 EST,0h 3m 26s,0h 3m 25s,1479853188,1479853394,1,5,,ToQualtrics,1,"Mozilla/5.0 (iPad; CPU OS 10_0_2 like Mac OS X) AppleWebKit/602.1.50 (KHTML, like Gecko) Version/10.0 Mobile/14A456 Safari/602.1",,Safari 602.1,68.4.227.11,1024,,R_1QsXaC2BWLixnfK,No,3,1,1,3,1,4,2,3,2,2,2,3,2,3,3,3,71,CBC1_1474925155_6,,20,44,8,13,8,11,9,12,10,9,12,7,7,8,13,14
1,36,22 Nov 2016 - 16:31:48 EST,22 Nov 2016 - 16:40:16 EST,0h 8m 28s,0h 8m 28s,1479850308,1479850816,1,5,,ToQualtrics,1,"Mozilla/5.0 (Windows NT 6.1; Win64; x64) AppleWebKit/537.36 (KHTML, like Gecko) Chrome/54.0.2840.99 Safari/537.36",Windows 7,Chrome 54.0.2840.99,24.60.63.207,1131,,R_22LALLkxQVJO2Bg,No,2,3,2,2,1,3,1,4,3,1,1,3,1,3,4,4,36,CBC1_1474925155_6,,68,45,50,54,20,35,32,12,13,36,37,29,20,23,7,27
1,53,22 Nov 2016 - 16:59:55 EST,22 Nov 2016 - 17:03:51 EST,0h 3m 56s,0h 3m 53s,1479851995,1479852231,1,5,,ToQualtrics,1,"Mozilla/5.0 (Windows NT 6.1) AppleWebKit/537.36 (KHTML, like Gecko) Chrome/54.0.2840.99 Safari/537.36",Windows 7,Chrome 54.0.2840.99,173.166.31.14,1600,,R_23m6pWx4WVet4J3,No,3,1,1,1,1,3,1,3,1,3,3,3,2,2,1,1,53,CBC1_1474925155_6,,18,8,6,7,11,64,8,6,5,8,8,57,4,10,6,7
1,59,22 Nov 2016 - 17:09:55 EST,22 Nov 2016 - 17:22:42 EST,0h 12m 47s,0h 12m 45s,1479852595,1479853362,1,5,,ToQualtrics,1,Mozilla/5.0 (Windows NT 10.0; WOW64; Trident/7.0; yie10; rv:11.0) like Gecko,Windows 10.0,MSIE 11.0,108.197.232.203,1079,,R_241pEL4Bpd2Jf3P,No,3,1,4,4,2,4,3,3,4,2,4,4,4,4,4,4,59,CBC1_1474925155_6,,264,69,71,55,25,37,37,17,19,24,23,17,23,54,13,17
1,125,22 Nov 2016 - 19:09:55 EST,22 Nov 2016 - 19:13:14 EST,0h 3m 19s,0h 3m 16s,1479859795,1479859994,1,5,,ToQualtrics,1,"Mozilla/5.0 (Windows NT 6.1; WOW64) AppleWebKit/537.36 (KHTML, like Gecko) Chrome/54.0.2840.99 Safari/537.36",Windows 7,Chrome 54.0.2840.99,108.20.152.246,1349,,R_248bsatWMYb9KCc,No,1,2,3,3,2,1,2,3,3,1,1,2,1,2,3,3,125,CBC1_1474925155_6,,28,16,9,13,10,8,8,10,11,13,12,18,10,10,11,9
1,43,22 Nov 2016 - 16:40:18 EST,22 Nov 2016 - 16:43:48 EST,0h 3m 30s,0h 3m 27s,1479850818,1479851028,1,5,,ToQualtrics,1,"Mozilla/5.0 (Linux; Android 5.1.1; KFARWI Build/LVY48F) AppleWebKit/537.36 (KHTML, like Gecko) Silk/53.3.5 like Chrome/53.0.2785.134 Safari/537.36",Android 5.1.1,Chrome 53.0.2785.134,75.83.64.84,812,,R_24pfE4tct3bvlh7,No,2,1,2,3,3,1,3,3,2,1,1,1,2,2,2,3,43,CBC1_1474925155_6,,33,30,10,20,10,9,11,8,8,8,6,7,17,12,9,9
1,162,22 Nov 2016 - 20:18:23 EST,22 Nov 2016 - 20:20:53 EST,0h 2m 30s,0h 2m 30s,1479863903,1479864053,1,5,,ToQualtrics,1,"Mozilla/5.0 (Macintosh; Intel Mac OS X 10_10_5) AppleWebKit/537.36 (KHTML, like Gecko) Chrome/54.0.2840.98 Safari/537.36",Mac OS X 10.10.5,Chrome 54.0.2840.98,68.186.250.17,1351,,R_28M0LlA38QPncLg,No,1,4,1,1,4,3,3,3,4,4,2,4,2,1,4,2,162,CBC1_1474925155_6,,26,9,10,9,7,10,8,10,9,5,11,5,6,7,10,8
1,54,22 Nov 2016 - 17:04:42 EST,22 Nov 2016 - 17:12:16 EST,0h 7m 34s,0h 7m 34s,1479852282,1479852736,1,5,,ToQualtrics,1,"Mozilla/5.0 (iPad; CPU OS 10_1_1 like Mac OS X) AppleWebKit/602.2.14 (KHTML, like Gecko) Version/10.0 Mobile/14B100 Safari/602.1",,Safari 602.1,108.207.0.207,1024,,R_28OE3HUpyuPLoqr,No,2,3,3,4,4,2,1,3,3,4,4,4,4,4,3,3,54,CBC1_1474925155_6,,70,78,25,41,25,18,23,21,41,13,11,17,11,17,28,15
1,73,22 Nov 2016 - 17:29:45 EST,22 Nov 2016 - 17:35:32 EST,0h 5m 47s,0h 5m 43s,1479853785,1479854132,1,5,,ToQualtrics,1,Mozilla/5.0 (Windows NT 6.3; WOW64; Trident/7.0; Touch; MAGWJS; rv:11.0) like Gecko,Windows 8.1,MSIE 11.0,97.71.76.171,1266,,R_29olcwdyxcyrR6A,No,1,4,3,1,3,4,1,3,3,1,4,2,4,3,4,3,73,CBC1_1474925155_6,,58,33,18,20,45,13,11,18,21,10,26,16,11,17,13,13
1,113,22 Nov 2016 - 18:54:11 EST,22 Nov 2016 - 19:03:07 EST,0h 8m 56s,0h 8m 54s,1479858851,1479859387,1,5,,ToQualtrics,1,Mozilla/5.0 (Windows NT 10.0; WOW64; rv:50.0) Gecko/20100101 Firefox/50.0,Windows 10.0,Firefox 50.0,98.216.126.215,1536,,R_2A0TAzTKKeysBog,No,3,3,2,2,1,2,3,3,3,2,3,1,1,3,3,1,113,CBC1_1474925155_6,,73,53,21,31,31,32,69,33,32,20,32,17,23,18,31,18
1,126,22 Nov 2016 - 19:12:04 EST,22 Nov 2016 - 19:17:11 EST,0h 5m 7s,0h 5m 7s,1479859924,1479860231,1,5,,ToQualtrics,1,Mozilla/5.0 (Windows NT 6.1; WOW64; rv:50.0) Gecko/20100101 Firefox/50.0,Windows 7,Firefox 50.0,104.35.135.222,1112,,R_2aJEqiwBNWlTs0m,No,2,1,3,3,4,4,4,3,3,3,1,2,4,3,2,3,126,CBC1_1474925155_6,,25,27,20,43,22,20,23,11,13,15,19,11,17,15,13,13
1,102,22 Nov 2016 - 18:32:44 EST,22 Nov 2016 - 18:35:07 EST,0h 2m 23s,0h 2m 20s,1479857564,1479857707,1,5,,ToQualtrics,1,"Mozilla/5.0 (Windows NT 10.0; Win64; x64) AppleWebKit/537.36 (KHTML, like Gecko) Chrome/46.0.2486.0 Safari/537.36 Edge/13.10586",Windows 10.0,Edge 13.10586,107.185.206.245,1536,,R_2aqXku8h2SDx6IJ,No,2,1,1,4,4,4,1,3,4,2,4,4,3,4,2,4,102,CBC1_1474925155_6,,20,10,11,6,15,6,10,9,6,12,5,5,9,5,5,6
1,138,22 Nov 2016 - 19:31:02 EST,22 Nov 2016 - 19:35:09 EST,0h 4m 7s,0h 4m 4s,1479861062,1479861309,1,5,,ToQualtrics,1,Mozilla/5.0 (Windows NT 10.0; WOW64; rv:50.0) Gecko/20100101 Firefox/50.0,Windows 10.0,Firefox 50.0,73.100.81.86,1366,,R_2aUMIpBghNiYnqq,No,4,1,4,1,4,2,1,3,1,2,1,1,3,1,4,3,138,CBC1_1474925155_6,,28,25,33,11,18,16,12,11,17,7,11,10,17,12,8,8
1,119,22 Nov 2016 - 19:05:39 EST,22 Nov 2016 - 19:07:08 EST,0h 1m 29s,0h 1m 28s,1479859539,1479859628,1,5,,ToQualtrics,1,"Mozilla/5.0 (Windows NT 6.1; WOW64) AppleWebKit/537.36 (KHTML, like Gecko) Chrome/54.0.2840.99 Safari/537.36",Windows 7,Chrome 54.0.2840.99,71.118.60.210,1366,,R_2aWXq3Mie4bhdkE,No,2,2,2,3,3,1,3,3,2,3,2,1,3,3,2,3,119,CBC1_1474925155_6,,26,3,3,6,3,4,3,6,5,5,4,4,4,5,4,3
1,163,22 Nov 2016 - 20:38:04 EST,22 Nov 2016 - 20:40:48 EST,0h 2m 44s,0h 2m 44s,1479865084,1479865248,1,5,,ToQualtrics,1,"Mozilla/5.0 (Windows NT 6.1; WOW64) AppleWebKit/537.36 (KHTML, like Gecko) Chrome/54.0.2840.87 Safari/537.36",Windows 7,Chrome 54.0.2840.87,206.121.193.30,1094,,R_2bUUePzIuTdwixW,Yes,2,2,3,1,1,2,1,3,2,1,1,2,1,3,3,2,163,CBC1_1474925155_6,,11,11,11,6,4,4,13,22,10,7,7,26,6,4,15,7
1,33,22 Nov 2016 - 16:27:55 EST,22 Nov 2016 - 16:32:19 EST,0h 4m 24s,0h 4m 23s,1479850075,1479850339,1,5,,ToQualtrics,1,"Mozilla/5.0 (Macintosh; Intel Mac OS X 10_11_6) AppleWebKit/537.36 (KHTML, like Gecko) Chrome/54.0.2840.98 Safari/537.36",Mac OS X 10.11.6,Chrome 54.0.2840.98,173.241.28.74,1366,,R_2c1TpBwmscUxgZI,No,4,3,1,1,1,1,1,3,2,3,4,1,3,4,3,3,33,CBC1_1474925155_6,,20,18,12,16,15,12,15,26,17,17,25,12,15,16,12,15
1,150,22 Nov 2016 - 19:44:43 EST,22 Nov 2016 - 19:52:55 EST,0h 8m 12s,0h 8m 11s,1479861883,1479862375,1,5,,ToQualtrics,1,"Mozilla/5.0 (Windows NT 6.3; Win64; x64) AppleWebKit/537.36 (KHTML, like Gecko) Chrome/54.0.2840.99 Safari/537.36",Windows 8.1,Chrome 54.0.2840.99,76.167.61.7,1263,,R_2DOYP4MOXJ8I38U,No,3,4,2,4,3,1,4,3,4,3,4,2,1,3,4,4,150,CBC1_1474925155_6,,24,23,29,41,14,32,10,24,18,14,26,17,24,13,51,131
1,115,22 Nov 2016 - 19:00:53 EST,22 Nov 2016 - 19:04:47 EST,0h 3m 54s,0h 3m 52s,1479859253,1479859487,1,5,,ToQualtrics,1,"Mozilla/5.0 (Macintosh; Intel Mac OS X 10_11_6) AppleWebKit/602.2.14 (KHTML, like Gecko) Version/10.0.1 Safari/602.2.14",Mac OS X 10.11.6,Safari 10.0.1,67.49.45.209,1920,,R_2fxKAe8Any8Mp2k,No,4,4,4,2,3,2,4,3,4,1,2,4,2,4,4,4,115,CBC1_1474925155_6,,39,20,11,16,24,12,10,12,10,12,14,9,10,8,10,15
1,142,22 Nov 2016 - 19:33:49 EST,22 Nov 2016 - 19:36:19 EST,0h 2m 30s,0h 2m 29s,1479861229,1479861379,1,5,,ToQualtrics,1,"Mozilla/5.0 (Windows NT 10.0; Win64; x64) AppleWebKit/537.36 (KHTML, like Gecko) Chrome/54.0.2840.99 Safari/537.36",Windows 10.0,Chrome 54.0.2840.99,64.203.43.78,815,,R_2P0BevLQTnhYKom,No,2,1,4,4,4,1,4,3,2,4,4,4,4,4,4,4,142,CBC1_1474925155_6,,16,20,10,8,8,11,8,8,9,4,4,10,6,8,8,11
1,103,22 Nov 2016 - 18:37:34 EST,22 Nov 2016 - 18:40:11 EST,0h 2m 37s,0h 2m 37s,1479857854,1479858011,1,5,,ToQualtrics,1,Mozilla/5.0 (Windows NT 10.0; WOW64; Trident/7.0; Touch; rv:11.0) like Gecko,Windows 10.0,MSIE 11.0,104.172.19.204,1448,,R_2pREyg2smqVLVjq,No,3,1,4,1,1,4,3,3,4,1,4,4,4,1,2,1,103,CBC1_1474925155_6,,19,11,10,9,10,7,9,14,9,10,7,10,7,11,7,7
1,105,22 Nov 2016 - 18:41:26 EST,22 Nov 2016 - 18:45:30 EST,0h 4m 4s,0h 4m 4s,1479858086,1479858330,1,5,,ToQualtrics,1,Mozilla/5.0 (Windows NT 6.1; WOW64; Trident/7.0; rv:11.0) like Gecko,Windows 7,MSIE 11.0,71.232.229.31,1349,,R_2QA5eGLEQFG3ZX0,No,3,2,2,2,2,4,3,3,4,4,3,3,2,1,1,3,105,CBC1_1474925155_6,,46,13,16,14,9,8,9,10,22,17,19,20,12,8,11,10
1,96,22 Nov 2016 - 18:25:20 EST,22 Nov 2016 - 18:29:22 EST,0h 4m 2s,0h 4m 0s,1479857120,1479857362,1,5,,ToQualtrics,1,Mozilla/5.0 (Windows NT 10.0; WOW64; rv:50.0) Gecko/20100101 Firefox/50.0,Windows 10.0,Firefox 50.0,99.37.185.216,1263,,R_2Sc1ZZ3Vpgc8mw4,No,4,1,2,2,2,2,3,3,3,4,2,4,2,2,1,1,96,CBC1_1474925155_6,,39,21,16,15,20,14,16,11,14,7,12,7,12,13,11,12
1,117,22 Nov 2016 - 19:02:51 EST,22 Nov 2016 - 19:05:44 EST,0h 2m 53s,0h 2m 53s,1479859371,1479859544,1,5,,ToQualtrics,1,"Mozilla/5.0 (Windows NT 6.1; WOW64) AppleWebKit/537.36 (KHTML, like Gecko) Chrome/54.0.2840.99 Safari/537.36",Windows 7,Chrome 54.0.2840.99,73.38.125.152,1280,,R_2t67ulSd9s4baHl,No,2,2,3,4,3,3,2,4,4,2,2,2,4,3,4,2,117,CBC1_1474925155_6,,24,13,11,13,14,10,4,9,9,12,7,9,11,12,7,8
1,23,22 Nov 2016 - 16:01:48 EST,22 Nov 2016 - 16:04:46 EST,0h 2m 58s,0h 2m 57s,1479848508,1479848686,1,5,,ToQualtrics,1,"Mozilla/5.0 (iPad; CPU OS 9_3_5 like Mac OS X) AppleWebKit/601.1.46 (KHTML, like Gecko) Version/9.0 Mobile/13G36 Safari/601.1",iOS 9.3.5,Safari 9.0,96.252.41.65,1024,,R_2tM34D3rAmwfP3H,No,2,1,3,2,2,2,1,3,2,2,1,1,1,3,2,2,23,CBC1_1474925155_6,,22,14,12,16,9,8,6,4,8,6,6,31,7,11,9,8
1,107,22 Nov 2016 - 18:41:34 EST,22 Nov 2016 - 18:45:20 EST,0h 3m 46s,0h 3m 44s,1479858094,1479858320,1,5,,ToQualtrics,1,"Mozilla/5.0 (Windows NT 10.0; Win64; x64) AppleWebKit/537.36 (KHTML, like Gecko) Chrome/51.0.2704.79 Safari/537.36 Edge/14.14393",Windows 10.0,Edge 14.14393,107.185.24.180,1440,,R_2UhA0p2wZQnJ2Eu,No,1,3,3,2,1,1,1,3,2,2,2,1,3,3,1,1,107,CBC1_1474925155_6,,33,15,18,12,11,11,18,8,17,14,7,14,9,16,12,9
1,77,22 Nov 2016 - 17:40:01 EST,22 Nov 2016 - 17:46:03 EST,0h 6m 2s,0h 5m 59s,1479854401,1479854763,1,5,,ToQualtrics,1,"Mozilla/5.0 (Windows NT 6.1; WOW64) AppleWebKit/537.36 (KHTML, like Gecko) Chrome/54.0.2840.99 Safari/537.36",Windows 7,Chrome 54.0.2840.99,24.147.219.78,1600,,R_2wAAk8S05i4Uefi,No,3,4,4,2,4,1,4,3,4,3,4,4,3,4,4,4,77,CBC1_1474925155_6,,59,18,20,43,20,14,56,20,11,10,12,14,30,7,11,14
1,18,22 Nov 2016 - 15:54:13 EST,22 Nov 2016 - 15:58:08 EST,0h 3m 55s,0h 3m 54s,1479848053,1479848288,1,5,,ToQualtrics,1,"Mozilla/5.0 (Windows NT 6.1; WOW64) AppleWebKit/537.36 (KHTML, like Gecko) Chrome/54.0.2840.99 Safari/537.36",Windows 7,Chrome 54.0.2840.99,24.241.240.216,1396,,R_2wBsz7UX5swEoAa,Yes,3,1,1,1,2,1,3,3,1,3,1,3,2,3,2,2,18,CBC1_1474925155_6,,36,33,27,13,9,7,9,22,9,15,7,8,9,14,8,8
1,88,22 Nov 2016 - 17:51:21 EST,22 Nov 2016 - 17:56:43 EST,0h 5m 22s,0h 5m 22s,1479855081,1479855403,1,5,,ToQualtrics,1,"Mozilla/5.0 (Windows NT 10.0; WOW64) AppleWebKit/537.36 (KHTML, like Gecko) Chrome/54.0.2840.99 Safari/537.36",Windows 10.0,Chrome 54.0.2840.99,75.80.35.214,1345,,R_2WHdbovXo4iHP1u,No,1,3,3,4,2,3,4,3,2,1,1,2,1,3,2,1,88,CBC1_1474925155_6,,39,20,36,14,20,18,14,20,21,17,24,22,15,16,12,14
1,28,22 Nov 2016 - 16:20:29 EST,22 Nov 2016 - 16:23:59 EST,0h 3m 30s,0h 3m 30s,1479849629,1479849839,1,5,,ToQualtrics,1,"Mozilla/5.0 (Macintosh; Intel Mac OS X 10_12_1) AppleWebKit/602.2.14 (KHTML, like Gecko) Version/10.0.1 Safari/602.2.14",Mac OS X 10.12.1,Safari 10.0.1,73.218.163.167,1459,,R_2WO6CWOI4AHXOyN,No,2,1,3,1,2,3,3,3,2,4,1,3,1,3,4,2,28,CBC1_1474925155_6,,36,17,13,12,28,11,10,10,11,12,9,9,8,6,11,7
1,131,22 Nov 2016 - 19:14:20 EST,22 Nov 2016 - 19:22:53 EST,0h 8m 33s,0h 8m 32s,1479860060,1479860573,1,5,,ToQualtrics,1,"Mozilla/5.0 (Windows NT 10.0; WOW64) AppleWebKit/537.36 (KHTML, like Gecko) Chrome/54.0.2840.99 Safari/537.36",Windows 10.0,Chrome 54.0.2840.99,47.151.26.137,1600,,R_2WuQQ56l1NXp0g4,No,3,3,2,3,1,4,1,3,1,2,3,3,3,2,4,1,131,CBC1_1474925155_6,,37,42,30,15,15,16,21,13,10,222,14,10,14,21,14,18
1,84,22 Nov 2016 - 17:50:39 EST,22 Nov 2016 - 18:20:39 EST,0h 30m 0s,0h 29m 58s,1479855039,1479856839,1,5,,ToQualtrics,1,Mozilla/5.0 (Windows NT 6.2; WOW64; rv:50.0) Gecko/20100101 Firefox/50.0,Windows 8,Firefox 50.0,73.219.204.210,1332,,R_2wytWfTXsyD0U7X,No,3,2,1,2,3,2,3,3,2,1,3,1,3,1,1,1,84,CBC1_1474925155_6,,92,15,12,1334,45,20,56,20,41,24,14,21,27,22,34,21
1,158,22 Nov 2016 - 20:03:40 EST,22 Nov 2016 - 21:05:22 EST,1h 1m 42s,1h 1m 41s,1479863020,1479866722,1,5,,ToQualtrics,1,"Mozilla/5.0 (iPad; CPU OS 10_0_2 like Mac OS X) AppleWebKit/602.1.50 (KHTML, like Gecko) CriOS/54.0.2840.91 Mobile/14A456 Safari/602.1",,Mobile 14A456,66.30.172.46,1024,,R_31GgHWw7o0wtQ0S,No,2,2,3,4,3,3,3,3,3,2,4,1,3,1,4,4,158,CBC1_1474925155_6,,50,3451,20,10,13,19,18,9,8,17,14,15,12,17,14,14
1,87,22 Nov 2016 - 17:51:17 EST,22 Nov 2016 - 17:54:57 EST,0h 3m 40s,0h 3m 40s,1479855077,1479855297,1,5,,ToQualtrics,1,"Mozilla/5.0 (Windows NT 6.3; WOW64) AppleWebKit/537.36 (KHTML, like Gecko) Chrome/54.0.2840.99 Safari/537.36",Windows 8.1,Chrome 54.0.2840.99,173.48.68.105,1366,,R_32LSCQwzRZz7fCC,No,1,1,1,2,2,1,3,3,2,1,2,3,4,1,4,2,87,CBC1_1474925155_6,,31,12,16,12,13,10,10,15,11,11,9,13,21,9,14,13
1,135,22 Nov 2016 - 19:21:27 EST,22 Nov 2016 - 19:28:57 EST,0h 7m 30s,0h 7m 27s,1479860487,1479860937,1,5,,ToQualtrics,1,"Mozilla/5.0 (Windows NT 6.3) AppleWebKit/537.36 (KHTML, like Gecko) Chrome/54.0.2840.99 Safari/C604F6",Windows 8.1,Chrome 54.0.2840.99,73.144.30.157,1366,,R_3EMrOIKOZ3oCpCN,Yes,1,1,3,2,2,2,2,3,3,1,3,1,1,2,1,2,135,CBC1_1474925155_6,,43,13,50,49,9,14,22,12,19,52,15,38,10,45,51,5
1,38,22 Nov 2016 - 16:33:37 EST,22 Nov 2016 - 16:39:04 EST,0h 5m 27s,0h 5m 25s,1479850417,1479850744,1,5,,ToQualtrics,1,"Mozilla/5.0 (iPad; CPU OS 9_3_5 like Mac OS X) AppleWebKit/601.1.46 (KHTML, like Gecko) Version/9.0 Mobile/13G36 Safari/601.1",iOS 9.3.5,Safari 9.0,24.205.49.98,1024,,R_3ERpGvUt2kGFbat,No,1,3,3,3,4,4,1,3,4,3,2,2,2,3,4,3,38,CBC1_1474925155_6,,31,23,47,13,20,25,10,11,14,8,10,63,13,14,12,11
1,52,22 Nov 2016 - 16:57:14 EST,22 Nov 2016 - 17:07:03 EST,0h 9m 49s,0h 9m 47s,1479851834,1479852423,1,5,,ToQualtrics,1,Mozilla/5.0 (Windows NT 6.1; WOW64; rv:50.0) Gecko/20100101 Firefox/50.0,Windows 7,Firefox 50.0,67.17.193.162,1280,,R_3fK9CgFT54tdxXf,No,3,1,3,3,3,3,3,3,1,3,1,3,3,3,3,1,52,CBC1_1474925155_6,,11,6,17,16,8,12,9,11,17,10,13,252,11,90,22,82
1,99,22 Nov 2016 - 18:29:09 EST,22 Nov 2016 - 18:31:21 EST,0h 2m 12s,0h 2m 8s,1479857349,1479857481,1,5,,ToQualtrics,1,"Mozilla/5.0 (Windows NT 10.0; Win64; x64) AppleWebKit/537.36 (KHTML, like Gecko) Chrome/54.0.2840.99 Safari/537.36",Windows 10.0,Chrome 54.0.2840.99,99.21.64.43,1600,,R_3GBo7yen5lM2L0k,No,2,2,3,2,3,2,3,3,1,1,2,2,2,2,3,4,99,CBC1_1474925155_6,,10,4,5,2,22,6,3,7,4,6,11,16,3,3,18,8
1,27,22 Nov 2016 - 16:18:02 EST,22 Nov 2016 - 16:22:07 EST,0h 4m 5s,0h 4m 3s,1479849482,1479849727,1,5,,ToQualtrics,1,Mozilla/5.0 (Windows NT 6.1; WOW64; Trident/7.0; rv:11.0) like Gecko,Windows 7,MSIE 11.0,108.26.199.193,1680,,R_3Gdmd6l1WX9wm0C,No,4,3,1,4,1,2,4,3,1,4,2,4,3,3,2,3,27,CBC1_1474925155_6,,38,14,17,21,19,15,18,17,12,16,8,11,12,9,8,8
1,45,22 Nov 2016 - 16:48:07 EST,22 Nov 2016 - 16:49:49 EST,0h 1m 42s,0h 1m 41s,1479851287,1479851389,1,5,,ToQualtrics,1,"Mozilla/5.0 (Windows NT 10.0) AppleWebKit/537.36 (KHTML, like Gecko) Chrome/54.0.2840.99 Safari/537.36",Windows 10.0,Chrome 54.0.2840.99,75.67.9.189,1366,,R_3GvyENeWdLVLBT6,No,1,2,3,1,3,1,2,3,3,2,3,3,1,3,3,1,45,CBC1_1474925155_6,,17,9,6,6,6,5,4,9,5,6,5,5,5,4,4,5
1,106,22 Nov 2016 - 18:41:29 EST,22 Nov 2016 - 18:43:56 EST,0h 2m 27s,0h 2m 27s,1479858089,1479858236,1,5,,ToQualtrics,1,"Mozilla/5.0 (Windows NT 10.0; Win64; x64) AppleWebKit/537.36 (KHTML, like Gecko) Chrome/51.0.2704.79 Safari/537.36 Edge/14.14393",Windows 10.0,Edge 14.14393,50.184.41.61,874,,R_3HojeEOatRNwQ1G,No,1,3,2,1,3,2,1,3,3,1,2,3,2,2,1,2,106,CBC1_1474925155_6,,13,12,6,6,9,8,10,10,13,8,15,8,12,6,5,6
1,42,22 Nov 2016 - 16:40:13 EST,22 Nov 2016 - 16:52:39 EST,0h 12m 26s,0h 12m 24s,1479850813,1479851559,1,5,,ToQualtrics,1,"Mozilla/5.0 (Macintosh; Intel Mac OS X 10_6_8) AppleWebKit/537.36 (KHTML, like Gecko) Chrome/49.0.2623.112 Safari/537.36",Mac OS X 10.6.8,Chrome 49.0.2623.112,173.239.70.250,1380,,R_3IPOyofGxfsr1Ad,No,3,2,1,1,3,3,1,3,2,1,4,4,3,2,1,3,42,CBC1_1474925155_6,,49,18,274,292,11,10,6,11,11,9,10,8,5,8,15,7
1,156,22 Nov 2016 - 19:53:30 EST,22 Nov 2016 - 19:56:17 EST,0h 2m 47s,0h 2m 47s,1479862410,1479862577,1,5,,ToQualtrics,1,"Mozilla/5.0 (iPad; CPU OS 10_0_2 like Mac OS X) AppleWebKit/602.1.50 (KHTML, like Gecko) Version/10.0 Mobile/14A456 Safari/602.1",,Safari 602.1,50.169.184.180,1024,,R_3JsYraRHsZYwyQE,No,4,4,4,4,4,4,4,4,4,4,4,4,4,4,4,4,156,CBC1_1474925155_6,,32,10,5,4,5,17,18,5,42,9,4,3,3,4,3,3
1,146,22 Nov 2016 - 19:39:40 EST,22 Nov 2016 - 19:43:22 EST,0h 3m 42s,0h 3m 39s,1479861580,1479861802,1,5,,ToQualtrics,1,"Mozilla/5.0 (Windows NT 10.0; WOW64) AppleWebKit/537.36 (KHTML, like Gecko) Chrome/54.0.2840.99 Safari/537.36",Windows 10.0,Chrome 54.0.2840.99,108.8.236.254,1920,,R_3m4qCim2sVRLmCo,No,2,3,3,2,2,3,3,3,1,3,2,3,1,2,2,3,146,CBC1_1474925155_6,,23,17,20,17,14,11,5,8,13,15,16,8,10,11,20,11
1,92,22 Nov 2016 - 18:04:03 EST,22 Nov 2016 - 18:06:12 EST,0h 2m 9s,0h 2m 7s,1479855843,1479855972,1,5,,ToQualtrics,1,Mozilla/5.0 (Windows NT 6.0; rv:49.0) Gecko/20100101 Firefox/49.0,Windows Vista,Firefox 49.0,108.20.38.158,1440,,R_3NCmuQXznQXZKQg,No,4,4,4,4,4,4,4,4,4,4,4,4,4,4,4,4,92,CBC1_1474925155_6,,39,8,11,7,12,6,8,5,5,5,3,5,3,3,3,4
1,82,22 Nov 2016 - 17:44:11 EST,22 Nov 2016 - 17:47:21 EST,0h 3m 10s,0h 3m 9s,1479854651,1479854841,1,5,,ToQualtrics,1,"Mozilla/5.0 (Macintosh; Intel Mac OS X 10_12_1) AppleWebKit/602.2.14 (KHTML, like Gecko) Version/10.0.1 Safari/602.2.14",Mac OS X 10.12.1,Safari 10.0.1,96.252.58.222,1440,,R_3ndBIZcELttKf8Q,No,2,1,2,1,2,2,2,3,1,1,2,3,3,2,2,1,82,CBC1_1474925155_6,,38,15,11,19,6,6,5,11,21,14,15,8,5,5,4,6
1,56,22 Nov 2016 - 17:05:38 EST,22 Nov 2016 - 17:08:06 EST,0h 2m 28s,0h 2m 27s,1479852338,1479852486,1,5,,ToQualtrics,1,"Mozilla/5.0 (Windows NT 10.0; Win64; x64) AppleWebKit/537.36 (KHTML, like Gecko) Chrome/51.0.2704.79 Safari/537.36 Edge/14.14393",Windows 10.0,Edge 14.14393,76.167.196.58,1354,,R_3nIpkN5l39gmM0I,No,1,3,3,1,1,3,2,3,3,4,2,1,4,3,4,2,56,CBC1_1474925155_6,,15,10,7,51,6,7,8,5,4,5,5,4,5,6,5,4
1,132,22 Nov 2016 - 19:16:16 EST,22 Nov 2016 - 19:21:01 EST,0h 4m 45s,0h 4m 44s,1479860176,1479860461,1,5,,ToQualtrics,1,Mozilla/5.0 (Windows NT 6.1; WOW64; Trident/7.0; rv:11.0) like Gecko,Windows 7,MSIE 11.0,73.143.90.240,1280,,R_3NUGbmpVnNskdjZ,No,4,3,2,4,3,1,1,3,4,4,4,4,4,4,4,4,132,CBC1_1474925155_6,,18,12,19,22,9,79,8,10,7,6,26,35,11,8,7,7
1,104,22 Nov 2016 - 18:39:24 EST,22 Nov 2016 - 18:44:46 EST,0h 5m 22s,0h 5m 21s,1479857964,1479858286,1,5,,ToQualtrics,1,"Mozilla/5.0 (Windows NT 10.0; WOW64) AppleWebKit/537.36 (KHTML, like Gecko) Chrome/54.0.2840.99 Safari/537.36",Windows 10.0,Chrome 54.0.2840.99,47.32.148.198,1600,,R_3qe9wJ3nvjzSfs8,No,2,1,4,3,3,2,1,3,4,4,3,2,4,2,3,4,104,CBC1_1474925155_6,,61,28,17,18,21,14,32,12,17,16,12,16,15,13,12,17
1,58,22 Nov 2016 - 17:08:35 EST,22 Nov 2016 - 17:13:17 EST,0h 4m 42s,0h 4m 39s,1479852515,1479852797,1,5,,ToQualtrics,1,"Mozilla/5.0 (Windows NT 6.1; WOW64) AppleWebKit/537.36 (KHTML, like Gecko) Chrome/28.0.1500.71 Safari/537.36",Windows 7,Chrome 28.0.1500.71,108.213.24.96,1366,,R_3QRHSOhShAGtEYe,Yes,3,1,1,2,1,1,4,3,2,2,2,4,4,1,2,4,58,CBC1_1474925155_6,,30,12,15,30,14,19,21,14,13,18,9,34,18,10,9,13
1,47,22 Nov 2016 - 16:50:50 EST,22 Nov 2016 - 17:08:55 EST,0h 18m 5s,0h 18m 3s,1479851450,1479852535,1,5,,ToQualtrics,1,Mozilla/5.0 (Windows NT 10.0; WOW64; Trident/7.0; rv:11.0) like Gecko,Windows 10.0,MSIE 11.0,73.202.142.138,1400,,R_3r35ghMSbEuSVp6,No,1,2,1,4,4,4,4,3,4,4,4,4,4,3,4,4,47,CBC1_1474925155_6,,64,18,23,28,16,18,15,16,787,22,27,14,8,14,6,7
1,145,22 Nov 2016 - 19:38:58 EST,22 Nov 2016 - 19:59:01 EST,0h 20m 3s,0h 13m 3s,1479861538,1479862741,1,5,,ToQualtrics,1,Mozilla/5.0 (Windows NT 10.0; WOW64; rv:50.0) Gecko/20100101 Firefox/50.0,Windows 10.0,Firefox 50.0,108.226.37.88,1349,,R_6VRCtvE7w85lT6d,No,4,2,4,4,4,4,4,4,4,3,4,4,2,4,1,1,145,CBC1_1474925155_6,,18,27,29,15,20,32,34,22,14,21,14,478,14,15,15,15
1,164,22 Nov 2016 - 20:39:01 EST,22 Nov 2016 - 20:42:04 EST,0h 3m 3s,0h 3m 2s,1479865141,1479865324,1,5,,ToQualtrics,1,"Mozilla/5.0 (Windows NT 10.0; WOW64) AppleWebKit/537.36 (KHTML, like Gecko) Chrome/54.0.2840.87 Safari/537.36 OPR/41.0.2353.56",Windows 10.0,Opera 41.0.2353.56,23.122.158.44,1140,,R_8BKd9oHt1PIDbWN,No,3,2,1,1,1,1,1,3,1,1,3,3,4,1,3,2,164,CBC1_1474925155_6,,21,10,11,8,6,6,8,21,9,9,20,12,17,9,8,7
1,22,22 Nov 2016 - 15:57:43 EST,22 Nov 2016 - 16:02:00 EST,0h 4m 17s,0h 4m 12s,1479848263,1479848520,1,5,,ToQualtrics,1,Mozilla/5.0 (Windows NT 10.0; WOW64; rv:50.0) Gecko/20100101 Firefox/50.0,Windows 10.0,Firefox 50.0,98.176.102.206,1172,,R_8CX2fSaROHV6Jj3,No,2,2,3,4,4,2,4,3,2,1,4,4,2,4,1,4,22,CBC1_1474925155_6,,56,19,16,28,14,22,6,9,10,11,16,6,14,11,9,5
1,37,22 Nov 2016 - 16:33:22 EST,22 Nov 2016 - 16:35:06 EST,0h 1m 44s,0h 1m 41s,1479850402,1479850506,1,5,,ToQualtrics,1,"Mozilla/5.0 (Windows NT 6.1; WOW64) AppleWebKit/537.36 (KHTML, like Gecko) Chrome/54.0.2840.99 Safari/537.36",Windows 7,Chrome 54.0.2840.99,96.95.190.201,1280,,R_9KtGxHJAguFO5RD,Yes,3,2,3,3,2,3,3,3,3,2,3,2,1,2,3,3,37,CBC1_1474925155_6,,18,8,5,7,5,6,9,7,5,4,4,6,6,4,4,3
1,141,22 Nov 2016 - 19:33:12 EST,22 Nov 2016 - 19:35:13 EST,0h 2m 1s,0h 1m 58s,1479861192,1479861313,1,5,,ToQualtrics,1,Mozilla/5.0 (Windows NT 6.3; WOW64; Trident/7.0; Touch; ASJB; rv:11.0) like Gecko,Windows 8.1,MSIE 11.0,216.93.192.212,1920,,R_CaHSNGO0FpFY7mh,No,1,2,2,2,3,3,1,3,1,2,3,2,3,2,1,2,141,CBC1_1474925155_6,,32,11,6,6,4,5,7,7,6,4,4,5,6,4,7,4
1,30,22 Nov 2016 - 16:25:38 EST,22 Nov 2016 - 16:29:56 EST,0h 4m 18s,0h 4m 16s,1479849938,1479850196,1,5,,ToQualtrics,1,Mozilla/5.0 (Windows NT 6.1; Trident/7.0; rv:11.0) like Gecko,Windows 7,MSIE 11.0,172.7.136.71,1600,,R_cJgi1FB2LbkSNHP,No,3,3,2,4,1,2,2,3,3,1,3,2,3,1,2,2,30,CBC1_1474925155_6,,25,11,36,24,20,19,10,15,7,11,9,8,9,7,36,9
1,69,22 Nov 2016 - 17:16:21 EST,22 Nov 2016 - 17:18:15 EST,0h 1m 54s,0h 1m 50s,1479852981,1479853095,1,5,,ToQualtrics,1,Mozilla/5.0 (Windows NT 6.1; WOW64; Trident/7.0; rv:11.0) like Gecko,Windows 7,MSIE 11.0,97.78.1.194,896,,R_cO1F43CGwdGgMxj,No,3,1,3,1,3,3,1,3,2,3,1,3,3,2,1,2,69,CBC1_1474925155_6,,7,11,6,9,6,6,7,6,7,9,5,6,6,6,6,7
1,101,22 Nov 2016 - 18:30:42 EST,22 Nov 2016 - 18:32:55 EST,0h 2m 13s,0h 2m 25s,1479857442,1479857575,1,5,,ToQualtrics,1,Mozilla/5.0 (Windows NT 6.1; Trident/7.0; rv:11.0) like Gecko,Windows 7,MSIE 11.0,204.19.244.2,1280,,R_DIQBjY9lxg6sFPj,No,1,3,2,1,2,3,3,3,3,3,3,1,3,1,2,1,101,CBC1_1474925155_6,,43,7,5,4,5,4,4,9,9,19,5,4,3,4,3,4
1,26,22 Nov 2016 - 16:05:34 EST,22 Nov 2016 - 16:11:06 EST,0h 5m 32s,0h 5m 32s,1479848734,1479849066,1,5,,ToQualtrics,1,"Mozilla/5.0 (iPad; CPU OS 10_0_2 like Mac OS X) AppleWebKit/602.1.50 (KHTML, like Gecko) CriOS/54.0.2840.91 Mobile/14A456 Safari/602.1",,Mobile 14A456,76.167.144.151,1024,,R_RXlgWoMU3A7hBDz,No,3,2,4,3,3,4,2,3,4,1,4,4,2,4,3,1,26,CBC1_1474925155_6,,27,19,17,50,31,29,20,13,18,19,17,10,18,11,13,20
1,19,22 Nov 2016 - 15:54:26 EST,22 Nov 2016 - 15:58:52 EST,0h 4m 26s,0h 4m 25s,1479848066,1479848332,1,5,,ToQualtrics,1,"Mozilla/5.0 (Windows NT 10.0; WOW64) AppleWebKit/537.36 (KHTML, like Gecko) Chrome/54.0.2840.99 Safari/537.36",Windows 10.0,Chrome 54.0.2840.99,108.185.11.160,1920,,R_T14zQLOhqqxohB7,No,2,3,2,1,3,2,2,3,3,2,2,3,3,3,3,1,19,CBC1_1474925155_6,,90,25,13,15,12,16,11,9,8,12,7,5,9,14,11,8
1,140,22 Nov 2016 - 19:33:00 EST,22 Nov 2016 - 19:35:07 EST,0h 2m 7s,0h 2m 5s,1479861180,1479861307,1,5,,ToQualtrics,1,"Mozilla/5.0 (Windows NT 10.0; Win64; x64) AppleWebKit/537.36 (KHTML, like Gecko) Chrome/51.0.2704.79 Safari/537.36 Edge/14.14393",Windows 10.0,Edge 14.14393,75.69.107.245,1290,,R_vIbwy8aHfyA5WOR,No,4,4,4,4,4,4,4,4,4,4,4,2,4,4,4,4,140,CBC1_1474925155_6,,15,16,9,6,7,7,7,6,9,5,6,9,6,4,6,7
1,49,22 Nov 2016 - 16:51:01 EST,22 Nov 2016 - 16:52:35 EST,0h 1m 34s,0h 1m 33s,1479851461,1479851555,1,5,,ToQualtrics,1,"Mozilla/5.0 (Windows NT 10.0; WOW64) AppleWebKit/537.36 (KHTML, like Gecko) Chrome/54.0.2840.99 Safari/537.36",Windows 10.0,Chrome 54.0.2840.99,172.251.242.181,1600,,R_VJQWMErmXRa4P7P,No,4,4,4,4,4,4,4,4,4,4,4,4,4,4,4,4,49,CBC1_1474925155_6,,19,5,4,5,5,6,5,4,5,5,3,4,4,5,9,5
1,98,22 Nov 2016 - 18:28:33 EST,22 Nov 2016 - 18:35:30 EST,0h 6m 57s,0h 6m 53s,1479857313,1479857730,1,5,,ToQualtrics,1,Mozilla/5.0 (Windows NT 6.1; WOW64; rv:31.0) Gecko/20100101 Firefox/31.0 K-Meleon/75.1,Windows 7,K-Meleon 75.1,104.175.78.173,1440,,R_W9D1gzFbvFz1IGJ,No,1,3,4,4,3,4,4,3,1,4,4,3,4,4,4,4,98,CBC1_1474925155_6,,52,36,18,18,13,11,14,13,22,9,92,26,17,37,17,18
1,100,22 Nov 2016 - 18:30:37 EST,22 Nov 2016 - 18:32:18 EST,0h 1m 41s,0h 1m 39s,1479857437,1479857538,1,5,,ToQualtrics,1,Mozilla/5.0 (Macintosh; Intel Mac OS X 10.11; rv:49.0) Gecko/20100101 Firefox/49.0,Mac OS X 10.11,Firefox 49.0,45.49.246.110,1248,,R_wL6WhjtZpM7RkD7,Yes,4,4,4,4,4,4,4,4,4,4,4,4,1,4,4,4,100,CBC1_1474925155_6,,12,8,7,4,7,5,6,7,6,4,6,4,6,6,7,4
1,93,22 Nov 2016 - 18:10:17 EST,22 Nov 2016 - 18:16:25 EST,0h 6m 8s,0h 6m 6s,1479856217,1479856585,1,5,,ToQualtrics,1,"Mozilla/5.0 (Windows NT 10.0; WOW64) AppleWebKit/537.36 (KHTML, like Gecko) Chrome/54.0.2840.99 Safari/537.36",Windows 10.0,Chrome 54.0.2840.99,108.206.230.23,1372,,R_zS7fQUus1cw5x4Z,No,3,3,4,4,4,3,4,3,3,4,2,4,3,4,2,4,93,CBC1_1474925155_6,,64,37,21,15,17,18,25,19,18,20,27,16,18,16,18,17